File_Size_MB,Behavior_Score,File_Type,Is_Spyware
8.459776330097977,0.9466893945947962,exe,1
7.603748589108994,0.818387610188399,doc,1
4.2636586502253655,0.7786177341461099,exe,1
2.6632758279003372,0.747281950803196,doc,1
5.161619741549224,0.18765458516959888,exe,1
4.1088479607591015,0.5488772611027803,exe,1
7.859606031444249,0.4238792306088448,doc,0
3.102795988181382,0.949788047597888,pdf,0
4.818309846108322,0.17383353806681645,exe,0
5.875482190604809,0.16985884355967462,pdf,1
9.090317563433818,0.6588617536380149,pdf,1
5.096399872592164,0.15740178957348283,pdf,0
2.8901946595570682,0.11005367295186075,doc,1
7.582461621156517,0.5039231973300066,pdf,1
6.221853067085783,0.796660971220008,pdf,1
2.5800127794881615,0.6050456716470326,exe,0
9.106487934085576,0.7547539728480395,exe,0
9.829576212772766,0.2657585316255522,exe,0
8.121150636366236,0.28496283302929337,doc,1
9.031442909351869,0.42870364173152453,pdf,0
3.170460936261393,0.990847884265713,exe,0
7.3253343077752735,0.7179182565245089,pdf,1
8.998499050883135,0.9462539572878983,pdf,1
6.871440925962869,0.537870455736408,pdf,0
4.774212882981862,0.5545598515713968,exe,0
1.0969419598768215,0.9900903354753839,pdf,1
4.398301170992458,0.18998827565888077,exe,1
6.147781037093636,0.7825904371715813,doc,1
9.138809427055193,0.7915138240285756,doc,1
9.669403040930511,0.8447416276181308,doc,1
4.822396787871899,0.7500527092169327,pdf,0
8.666568284939236,0.15533301818854706,pdf,0
2.6788738728803985,0.661127632121674,pdf,0
8.069775487428922,0.9237031845862264,exe,0
5.532123107972334,0.5632851524959844,pdf,1
0.23901283162378767,0.3609415103802872,exe,0
7.225076395399146,0.9495201486078587,doc,0
4.04835306802026,0.5615986504586717,exe,1
8.265965273767506,0.41163639453549183,doc,1
6.714716692195323,0.6141334980612769,pdf,0
0.11131391121283996,0.8041250166314531,pdf,0
4.986420878006713,0.22830209061365048,doc,1
8.68926747737853,0.01569204302297844,doc,0
2.514717681182607,0.5290948970731422,doc,1
3.3195231911991616,0.9413574200758085,pdf,1
8.71766519787568,0.6802579626031922,doc,0
1.9915642058736664,0.6309080001300065,doc,0
5.718356332144651,0.6278151474899732,pdf,1
2.46229769329068,0.4969897122617175,exe,1
9.67864847787242,0.7309192697350546,doc,1
8.051476745870714,0.2491944400337247,exe,1
4.534898757212146,0.891754263952968,exe,0
0.8964136036701006,0.2744726552452267,pdf,0
3.268540586258203,0.9449450132107339,doc,0
5.128612360953682,0.9264967100320902,pdf,1
9.335054859846377,0.07792452404752792,pdf,1
1.1796726747179265,0.44817970124433604,doc,1
5.557545736296457,0.7440362849370825,pdf,1
7.094957957682207,0.44965407150807035,doc,0
5.519665022151395,0.5088990248364155,doc,1
8.163221946584226,0.8068239376717178,pdf,1
5.448807709006207,0.7049921609492721,exe,1
9.64200160514063,0.9580042227229432,pdf,0
6.071537716817692,0.16448599428307875,doc,1
5.9174089353368196,0.9235592861863212,exe,1
4.50539136012761,0.9279862525071727,pdf,1
6.003239929672752,0.6347489386405218,pdf,0
3.9105213451293386,0.9403908272970672,exe,1
5.798945040232396,0.25268558738542024,pdf,1
2.9742620737873047,0.8817872834036474,exe,1
1.974974152688126,0.7734792929601902,exe,1
1.9486223297299958,0.6096889997106941,pdf,1
6.166454480699206,0.09062924464806255,doc,1
6.600927950997326,0.030134353730962182,doc,1
4.81765682089287,0.01096949549411852,pdf,1
0.9892611758363774,0.2505580574481764,pdf,0
7.600278827467724,0.7623524099431817,exe,1
8.78002667114547,0.3866250323922331,pdf,0
9.241472057868178,0.7754467251552132,doc,1
8.440356209087806,0.6256424909314248,doc,1
8.991913901443002,0.3892618991218443,doc,1
9.23851615421975,0.8801466287862422,exe,1
5.451939256985739,0.03841723935819574,pdf,0
3.9738308973227867,0.465312990207844,doc,0
7.082305658558622,0.8298523393928158,pdf,1
2.8287778009900593,0.12681348297309336,pdf,0
8.135124214227996,0.7104875615116192,exe,1
8.509911055345034,0.32811584191028165,exe,0
8.960885777524085,0.02430127857694553,exe,1
5.939031716958483,0.4737249308893109,pdf,0
9.502672244997994,0.521692738945335,exe,0
5.838980606381498,0.04158625067384558,exe,1
4.560574755648436,0.5659193535517807,exe,0
6.636429248361651,0.34743383795783944,doc,0
9.96295260960037,0.004493207256296983,doc,0
9.177718057679815,0.19077338067656535,doc,0
7.953918332889219,0.11081067227867492,exe,0
0.9154925831468093,0.5406219547324049,doc,0
6.166552739903051,0.043120163042338455,pdf,0
4.915797599494751,0.9281325700980793,exe,1
6.338458670073581,0.8450619723983726,exe,1
8.466267999148,0.9452976437314561,pdf,0
2.506052658412377,0.31480103278643345,doc,1
7.341743285829393,0.9052673885618943,pdf,1
1.259629502764328,0.984312422520035,pdf,1
2.2825593149915027,0.7647314342526466,pdf,1
7.966371419934702,0.2750826135755835,exe,0
3.392107877274589,0.6708893041471536,exe,0
8.17753965568323,0.5956631537339799,exe,1
1.0960144501393525,0.40420330216444333,doc,0
1.5489490402318082,0.3060978540144266,exe,0
7.0069393378932645,0.059848190567730275,exe,0
0.5478172718695623,0.12538247475645914,pdf,1
5.781273764212752,0.13395615600511968,doc,1
9.109158545520494,0.48089286465431025,exe,1
5.388559885781167,0.6418933847268948,pdf,1
6.837832412366339,0.7640684524444807,pdf,1
0.3642982671558316,0.046713759972221824,pdf,0
6.386499108123437,0.8237598726124178,doc,1
6.102750335766768,0.04347122329095843,doc,1
5.801934185512253,0.5549468300580123,doc,1
3.9729731522959866,0.7441478498080107,pdf,0
3.7643854093183564,0.631221371794228,exe,0
9.80711484140796,0.949678675683002,pdf,1
0.46028117235370936,0.3446983531128357,doc,0
0.3142014475647384,0.5858833552375392,pdf,1
9.61420967437215,0.08279906273431636,exe,1
1.9312222198346396,0.5597965879322987,pdf,0
1.326562127801874,0.8132988010762888,exe,1
2.1847074478778,0.20160451382548072,pdf,0
8.027391244506392,0.26096450036718066,exe,1
9.375994670581349,0.7004056402196938,pdf,0
0.3255474991197179,0.25388196693606324,exe,0
4.313626436471489,0.25924547402140496,exe,0
1.1048521718042807,0.9355152879393015,pdf,1
2.673206908949037,0.9985430308431146,doc,0
2.286209786031542,0.15519843069219807,doc,1
6.504564626369693,0.9001623872580004,doc,1
3.56791027722567,0.552726485973739,doc,0
1.8851472251439099,0.038601142410517486,exe,0
5.086001401577883,0.5855027152371853,doc,0
0.48984920013845457,0.641549650670755,pdf,0
1.0991202877707695,0.0337956987021093,exe,0
9.883527972352761,0.7576919221586004,pdf,0
2.0736223256239237,0.817800141474185,exe,1
3.6496974829848585,0.07164324218695617,pdf,0
7.34282323163107,0.6483999400661788,exe,0
8.399432995414822,0.4565474809027662,exe,0
9.19297241375378,0.2387212873419211,pdf,0
1.77730360036493,0.4586703816224843,doc,0
6.75914157937322,0.15938970975228217,exe,0
9.668834140127514,0.33366590673229635,exe,0
0.6747043438823368,0.6552072997009475,pdf,0
6.794397664563845,0.4764855561518734,exe,0
8.469703477646002,0.5559200946775417,exe,0
3.488894156677982,0.5434427938045303,doc,1
2.581804658922606,0.8205942401116392,exe,1
6.008234795347169,0.3433827981536126,pdf,0
4.478908933620882,0.8129620907818157,doc,0
1.8307128960692673,0.07998708713040747,exe,1
4.769091609453251,0.4277330458726053,doc,1
4.15806341700979,0.352320116536872,pdf,0
5.734216121290374,0.451580638705249,exe,0
5.135141287620068,0.8335098205362665,exe,0
3.1833154099020478,0.5123994004879511,doc,1
3.6358016576436025,0.9872466462948367,exe,1
8.392845626252893,0.8614607202751068,doc,0
2.584233381739157,0.11884674531302208,doc,0
5.649942166649887,0.3168915355616677,doc,0
0.22311955641021253,0.022725501526886682,pdf,0
7.441586336365569,0.7337534213446073,doc,0
3.42557388928726,0.019200804366837798,doc,1
0.5523952863273248,0.8859385148247924,pdf,1
2.8807433257616477,0.19334286484226215,pdf,1
2.4772910374809047,0.4138362902804684,exe,1
9.535980464295209,0.06203930600614804,exe,1
3.5870330590035238,0.3112548872587563,doc,0
2.9499913570783605,0.3895149894928328,doc,0
3.656091852812089,0.052230973545080106,doc,0
9.474367773013121,0.7675506531778632,doc,1
6.374103737267601,0.7113497195255859,pdf,1
6.248660771624806,0.35788362412452357,doc,1
7.184631567984417,0.835192553154071,pdf,1
3.941370629593806,0.07742180234362261,doc,1
4.202738083944748,0.05400640100767218,pdf,0
6.543245336407115,0.35498029443727297,exe,0
0.11508979638152986,0.9018413321683949,exe,0
2.0038644583222904,0.7564677019106462,exe,0
3.410576737558766,0.6723176785539303,pdf,1
2.47021800584099,0.5627357352457344,doc,0
6.410254071180073,0.80376553873448,pdf,0
3.8486158961986354,0.41222669318814775,doc,0
8.76669157795887,0.030688579780824843,exe,0
5.724699067010899,0.8024042864453003,exe,1
4.202623327168078,0.1904934342897321,exe,1
4.082444043678888,0.3876588498360868,exe,0
7.048113276943386,0.3576093472265096,exe,1
4.240442877595414,0.12336562593420342,doc,1
6.655739300840793,0.3507843689720118,pdf,0
0.5631188909723028,0.17708687785091481,pdf,0
4.508986678216416,0.6160138300848896,exe,0
2.6663465421275054,0.6534343577697814,pdf,1
1.6610970640108775,0.013646552881622753,exe,1
5.322973988659385,0.45647585236099164,pdf,0
4.923929450583417,0.5540526564867162,doc,0
5.657908763582826,0.8716629944357835,pdf,1
7.579299195860957,0.49603131023446156,doc,0
8.850364027062138,0.08045043690485232,doc,1
4.996368436715339,0.051723879096013836,pdf,1
3.1893766395270426,0.8621090829516437,pdf,0
4.722233129989983,0.7907294093349121,doc,0
8.109553987867587,0.8584479311516113,doc,0
8.762661681654684,0.262242667584096,pdf,1
8.142907830401215,0.6479973607947307,doc,1
1.9612128111031972,0.09571804729550981,pdf,0
9.994261558607771,0.8265731117136212,pdf,1
6.367578723191174,0.33361293642632384,pdf,1
0.9263237967397201,0.9551472373193942,doc,1
7.282988119066993,0.4713825655590471,pdf,0
9.869532654030769,0.0330676969459045,doc,1
4.077986539904181,0.909055877600589,exe,0
6.817298551895486,0.6255321488137767,pdf,1
3.230153658491289,0.2870812860118641,exe,0
2.2138941544404918,0.03680389375035842,pdf,1
7.2015090187792685,0.37668639673062454,doc,1
0.1233398907216035,0.15686055976460878,doc,0
8.245040964261015,0.5482803113458813,doc,1
5.330625170911948,0.14688367516218315,pdf,0
1.0680649838265273,0.1746142788181122,exe,1
1.2771485583689839,0.920869485728258,exe,0
6.527727706471921,0.6401200345146435,pdf,1
8.749172856613388,0.24258141177262083,exe,1
2.8718291589360385,0.8788962806324696,doc,0
9.787300349056641,0.6247158298512584,exe,1
1.0917888217307194,0.9455993400800832,doc,0
8.553987285013648,0.4829167944087076,doc,0
4.027292155575954,0.8879008339780402,pdf,1
0.9053196260055181,0.678443807349386,exe,1
2.8196670498506946,0.04416855593342761,pdf,0
4.584484029697351,0.24029049005859915,exe,0
7.9441811587379565,0.2815764049334011,pdf,1
8.627463046008637,0.17001668338644926,pdf,0
1.4208634866052359,0.23818695062460127,exe,0
5.256568731300568,0.22604014846400422,exe,1
6.542754057682399,0.8783437492009086,pdf,1
3.5358248445360547,0.4628987935430291,doc,0
8.731451973534803,0.8765118313236592,exe,1
2.8562571706419697,0.1379978834577653,doc,0
0.2838858427013923,0.5649184865561083,exe,0
0.5025664093850829,0.013467678145623552,doc,0
6.841868024101308,0.9303014098379871,doc,1
5.627721787360764,0.005637114397734955,doc,0
9.47037528628296,0.3899076485519639,doc,1
9.390544117375695,0.8015859586891702,doc,0
9.107526656310514,0.9998815592294843,exe,0
0.515844866476678,0.019509740361318695,pdf,0
7.516434751569545,0.8240854838738103,exe,0
7.043115694189111,0.510087959495908,pdf,1
6.588082460279822,0.038182020539084705,pdf,1
7.152340759910793,0.7771192709025531,doc,1
9.036830491131374,0.11190241257102229,pdf,1
6.437397877952919,0.6114741872824333,pdf,1
3.7872477034253347,0.7783252161231047,doc,0
5.4254949589450225,0.6735909267280185,pdf,0
2.1576566265391652,0.3798743247069636,pdf,1
5.91254249648192,0.026441636821160075,exe,1
0.1880811122858801,0.43626396781238774,exe,0
1.5951294212534792,0.9136944836857255,pdf,1
3.4007430414956774,0.33292336546782575,doc,0
7.917269273365248,0.24795871915323087,pdf,1
7.213144285438242,0.13783083382268813,pdf,0
3.4487341032641186,0.5102524550010475,exe,0
6.243327272333861,0.5333482727437294,doc,1
0.5079092001114719,0.07304824240354912,pdf,1
1.722219402188202,0.40775848601839615,doc,1
9.820949294240524,0.6586814548864428,pdf,0
2.966355450995083,0.9660506851714608,pdf,0
4.008440631584078,0.43154112171906467,doc,1
5.529994536067883,0.4360353368941353,exe,1
3.004729314427632,0.47113397256850664,exe,1
4.832840224595108,0.2250334912265638,pdf,0
2.4730902280223765,0.3948376420144343,doc,1
0.577737986654115,0.6452647259919572,pdf,0
1.877909805511401,0.39705920905186254,pdf,0
5.278197293830972,0.5813757484333044,pdf,0
0.8015425525340402,0.8355822879997544,exe,1
4.091374549806425,0.997967573075557,pdf,0
3.3523550291533204,0.8850396836294676,doc,0
4.205743928817279,0.3717966269131009,doc,0
1.0840633485631408,0.02172713431740758,pdf,1
9.095709788528128,0.6116045995026433,doc,0
4.792646046259234,0.4745507082101075,doc,1
8.424398493013948,0.23701711204858011,pdf,1
9.764671630725664,0.040304099105049285,pdf,1
3.502150777211901,0.3215702389727013,exe,1
4.842956539604662,0.7980713128356309,pdf,1
7.025993382391123,0.9641190068878396,doc,1
4.322699703085879,0.10666013907247773,doc,1
3.088840850571624,0.8776394117814497,exe,0
7.3740348130642905,0.04871767121707815,doc,1
8.954557804324288,0.7134758188756509,doc,1
9.204919559872941,0.026795713363172546,doc,1
6.304746263387986,0.4210496822819296,exe,1
3.8181563286525986,0.8702308384812625,exe,1
9.748149162648971,0.39310814762828206,doc,1
6.424897323254686,0.9245643176497426,exe,0
0.7517633050452796,0.7131951411119577,pdf,1
0.9382287342891004,0.6041842807977467,pdf,0
7.523708760652552,0.16137904800183167,doc,1
0.705445949805064,0.34049578364460964,doc,1
0.1777249527793931,0.4110961642787554,exe,1
3.998698722638924,0.5902048641324954,pdf,0
5.238136914143159,0.9960381602092927,doc,0
4.54058842740589,0.2837097478049315,pdf,1
4.93732616382881,0.5035628908314976,pdf,0
5.890398149733416,0.9334479076287334,exe,1
6.825095416984037,0.3454207937620084,doc,0
4.288076927723482,0.6286047872723735,exe,0
3.7464814177108163,0.7661315386941904,exe,1
9.885744675182966,0.6302697250151431,doc,1
2.6830737009179373,0.7534306798421236,pdf,1
7.793291529634245,0.19569300023569658,exe,1
4.369088143857237,0.9573376868488813,pdf,1
3.6493517818944357,0.17689780684900636,pdf,1
0.7321936945439039,0.583681176041597,pdf,0
8.64943154859022,0.2960426090666165,pdf,0
7.049841082643177,0.6344230252613314,exe,1
9.039806004655178,0.2911104153948655,doc,0
4.57095674759999,0.4312133568145403,doc,1
6.801517571484375,0.6822225482057551,exe,1
1.2772118368831717,0.2690687505540429,pdf,0
4.039740655862903,0.7278758824480682,exe,0
2.1515965368291208,0.346877672777792,pdf,0
0.5168041361175534,0.1321560972206215,doc,0
9.484817377437567,0.613128716923026,pdf,1
2.237354247807036,0.1657580288590924,exe,0
1.5489094490992565,0.4305774463467016,pdf,1
2.059903431223628,0.398397411879296,exe,1
3.842516446711546,0.07616884739618512,pdf,1
5.509273496919626,0.7107698374020727,doc,0
1.5982102478816216,0.6808235651092605,exe,1
9.888029900958989,0.7777950050341181,doc,1
9.831593184398292,0.5449131408796454,doc,1
1.5691799691516957,0.5539167757205721,doc,1
4.118478143362694,0.1692330029082909,pdf,0
6.831301882789022,0.2074638989900912,exe,0
8.788800170720842,0.22824949048252774,doc,1
5.0045186566207684,0.5253035287227936,doc,1
9.17876206032217,0.8189825824874795,doc,1
3.2923571173249306,0.3569741167117525,pdf,0
5.034564825758428,0.881871988053252,exe,1
5.0366012594635885,0.7358782685401997,exe,0
6.733674698021412,0.7164471432061884,exe,0
2.0997139571145906,0.335172129304652,exe,0
6.136729043126126,0.11847749205352176,pdf,0
2.265853659034342,0.962790481106405,exe,1
3.468181119005217,0.8546106356240183,pdf,0
9.629407986221349,0.4088679907725796,doc,0
9.000179576506975,0.863218190236155,exe,0
8.199371971086162,0.8992171150320745,doc,1
0.45113579257252145,0.34247362336498666,pdf,1
1.5688321363731046,0.5015614924470504,doc,0
2.6431309295118477,0.331789840259637,pdf,0
7.863249025072626,0.6951575140996313,doc,0
8.439099938065935,0.9121673135171753,doc,1
5.871186984437593,0.9845441038891614,doc,0
7.209503352590611,0.743779074814013,pdf,1
8.08984826175325,0.30524235393506627,pdf,0
0.7569553972740738,0.8804932900877588,pdf,1
0.9379670546473942,0.9926196290445818,pdf,1
8.702063608643346,0.3465261637439211,doc,0
0.49021671084248497,0.9487123524492477,exe,1
2.3283974713973112,0.5115464054506906,exe,1
0.5022570637944193,0.9646354422725825,exe,0
0.2513228857002954,0.9958559900991514,doc,1
8.455151388354837,0.8129420958288965,exe,0
3.372884235775795,0.683437049189351,doc,0
1.690831596600934,0.15401446929310414,pdf,0
1.5733129538602042,0.004917283233195846,pdf,1
6.595228251526335,0.595470850423361,pdf,1
9.6891228897578,0.7044599054830536,doc,1
5.099496956796216,0.9355380451790102,doc,0
9.020795721151648,0.5171199001879537,pdf,0
5.0740431296290325,0.6968466027027539,doc,1
5.781337527166337,0.6473559714710018,doc,1
6.817856432214655,0.2049201249762317,doc,1
8.070588891418158,0.6443000927800802,exe,0
7.6026791843876875,0.9817212113250201,pdf,0
9.906272370785066,0.11118495663016492,exe,1
7.494957352586314,0.6885432431989881,pdf,1
9.067229161193376,0.6143051174926554,exe,1
2.1404378374492747,0.3758547237916068,pdf,1
5.400621412852952,0.7933477538527628,exe,1
6.0262812103079435,0.01048585858492923,pdf,1
8.274396509887502,0.8924116221231707,exe,0
4.873914274352569,0.8173639530127002,pdf,1
7.931298095920046,0.4807048314687138,pdf,0
3.946832012486131,0.10813915488104964,pdf,1
5.9052457102563505,0.45262855566363425,doc,0
8.528034414062573,0.584252899115387,pdf,1
8.000788763931167,0.25388347854124227,pdf,0
6.604147063672728,0.48653146484559573,exe,0
0.10238289559915226,0.7757287638538752,pdf,1
1.9014923296434898,0.9227317956018974,exe,1
5.117892089826164,0.5616450276347316,exe,1
2.619148044985455,0.8272417850395823,exe,1
0.7496463484000346,0.07793321296960098,exe,1
8.612845879002471,0.8563680463134653,pdf,1
9.435175511000315,0.9208145654644209,doc,0
3.0977682936754336,0.16800137628452116,exe,0
4.139924357110122,0.8274873617530726,pdf,1
8.119371584791141,0.8495661703259881,doc,0
0.7163617128251089,0.8786588683257629,pdf,1
6.445750139368258,0.5171395198173923,exe,0
1.360476048034592,0.6082542438853435,pdf,1
2.9421745659527296,0.20808324544269907,pdf,0
8.31641279762122,0.7081315493857046,pdf,0
0.6497177543076478,0.4050173034081427,exe,1
0.4557449509588708,0.021169085707055446,doc,1
4.236873843483315,0.13426711350425513,doc,0
4.969126495053013,0.3882180316100641,exe,0
8.646919312771189,0.885179806060811,exe,1
7.200168588817376,0.5649422932688362,pdf,0
6.7680837051353935,0.916257034056247,exe,1
1.5986003467578893,0.9294838443573096,exe,1
9.868388649764963,0.08679499211949981,exe,0
4.170287943246065,0.5882154137282689,exe,0
6.156531556816113,0.33452803815227405,doc,1
3.928161754779034,0.5067951222763686,doc,1
0.5656258665372204,0.4555248024993094,doc,1
4.761803169575845,0.4799432726204613,exe,1
1.598540763558879,0.10180580816188334,pdf,1
0.42140807750204545,0.8331600837968306,pdf,0
6.212264194441953,0.49027996175581356,doc,0
6.336666283061522,0.6449875562942834,exe,1
1.1423989640980128,0.4726787527300935,exe,0
5.536523285694594,0.18101837657221131,exe,0
3.5320129687356863,0.5410005849921866,pdf,0
3.8957993243323856,0.15953973906080132,doc,1
7.786556997126815,0.8521792561475834,exe,0
4.954164807490032,0.8316040256381448,exe,0
8.824638492581188,0.14363877815694315,pdf,1
6.140185454771611,0.06884395303143254,exe,0
4.725165308876896,0.06849191694044987,doc,0
6.359895136548307,0.39324402485877463,pdf,1
3.4448672603046493,0.9530414373426318,pdf,0
1.3308055460296992,0.5561404160577164,doc,1
6.857043225055985,0.2655265739730889,pdf,1
6.258170683191904,0.22964882712417878,exe,1
7.906808264601248,0.11087319475929203,pdf,0
1.3583803369763772,0.14107121049957605,doc,0
9.12665484948227,0.811863266633069,exe,0
8.01347799307596,0.1386334647121824,pdf,0
9.177185340100992,0.8640615571790076,pdf,0
8.738093745557322,0.8229980741854441,pdf,0
6.841963818934864,0.1368088020868221,pdf,1
8.121483409429853,0.5587247699387591,doc,0
5.238172361390878,0.007055267937954968,pdf,1
7.876342578670585,0.8620361343350499,pdf,0
1.972361931786132,0.5582771204396142,exe,0
7.842929652937213,0.7553403943905439,exe,0
4.5013380801577725,0.49034532691625843,exe,1
7.590500590843914,0.6904219992983678,exe,1
4.6091553444406586,0.9312391241860541,pdf,0
7.916631409950053,0.5595458101278583,pdf,1
0.8458618936637461,0.874705476910058,pdf,1
0.5419449637016833,0.3430454423471212,exe,1
9.34946686547852,0.097532545668922,doc,0
4.913034497412477,0.0051446426040608895,exe,1
9.020606856524157,0.22665027899847212,exe,1
9.453354193632494,0.8385868369358646,doc,0
6.698460409310772,0.3114954626147214,pdf,0
5.760788578325398,0.2246161476446097,exe,0
2.2381959026574108,0.4956304233883704,pdf,0
1.025414571060181,0.9469041224934578,doc,1
8.212002729314504,0.5089784482606999,exe,1
8.89884346955668,0.3408716625844388,pdf,0
7.816017535879368,0.07750179100607058,exe,1
7.015174084043087,0.5736669333449989,doc,1
4.259100049140725,0.2262569795471856,doc,1
3.1225847412668686,0.36749912771263804,pdf,1
1.223104466813319,0.3811623667235057,doc,0
4.3171054559144135,0.758184337209737,exe,0
5.7035284450527985,0.2316288447968865,pdf,1
9.236517773061374,0.9358922257968159,pdf,0
9.363972216376435,0.7423880679625546,pdf,1
4.21484784575504,0.4811195407808191,doc,0
1.0821887821711476,0.8804744912800886,pdf,0
7.76080545146729,0.3591679802752926,pdf,0
7.369365482405446,0.3843398735852277,exe,0
0.40393837492387086,0.1293691309627325,exe,1
4.522514131424981,0.7785560944636153,doc,1
6.895539232555725,0.4011926528443319,doc,0
0.3983289220674724,0.500253028189022,doc,1
9.200895298675976,0.470968665396031,doc,0
9.62620061645315,0.6561818175710772,pdf,0
7.253173443679516,0.3739384310853442,pdf,1
0.8775315425528576,0.9158613261487422,doc,0
0.7962617121759213,0.43192225901344306,exe,0
3.6566078167302454,0.3592139778487352,doc,0
0.39083732679416583,0.40087805515024044,pdf,1
3.5439895001149613,0.7662957214889635,doc,1
0.19864598899836367,0.9930565899841893,exe,1
9.745802777125581,0.8665146463013338,exe,1
8.208166320781741,0.47972749846874807,doc,1
0.7981243536340549,0.29135934353342297,exe,1
8.945007409293817,0.44598705436487596,pdf,0
2.1589825960397553,0.34401555309356413,pdf,0
2.127428902866565,0.24353205221386098,exe,1
6.770215540735458,0.1869409153584496,pdf,0
9.388796454809226,0.955875734523651,exe,0
1.3195624001694504,0.49930519035977794,pdf,1
0.17112721579747753,0.10997487367023018,doc,1
3.7543884569832544,0.38390661012612914,exe,0
0.34403514291794224,0.3887169172228757,doc,0
6.087997552047257,0.5135345269871933,doc,0
8.605838525330167,0.9800413246136939,pdf,1
1.9512178539862923,0.9766334965740477,pdf,1
1.2126712547188223,0.5658941107131482,exe,1
3.510051112652248,0.618091525291319,exe,1
9.595798054012407,0.6756290748662368,pdf,1
1.3885611748439726,0.5022221826851782,exe,0
9.668540678623238,0.48667805815232146,doc,1
3.6861747124540076,0.3145239391767841,doc,1
4.7863669873251045,0.6839217394712661,doc,0
2.997056661053238,0.0918952783328747,doc,0
9.37755575773315,0.31714524622461493,pdf,1
9.585664160376226,0.8909785594776133,exe,0
6.39556549442666,0.22737815097545244,doc,0
1.92205094673404,0.9675823780249894,doc,0
9.930222707241843,0.9841697219657126,pdf,0
1.1155463515144288,0.5753826630962362,pdf,0
5.850408877781396,0.040435980308822006,doc,0
1.6483902948217868,0.09347819733219331,pdf,0
8.986985610087036,0.20030163768999243,exe,1
9.462216075806591,0.32681156827935265,pdf,1
8.063463950201069,0.11310821161287443,pdf,0
3.227325044814432,0.7972107730705184,pdf,0
2.5041030305840537,0.36415457001524065,pdf,0
7.573098290868474,0.23373369837467228,exe,0
2.981489239539005,0.04369387036630823,pdf,0
4.255875240755346,0.38267185937298054,exe,1
0.557931201336149,0.004506730509222345,doc,1
1.409114723294685,0.11649145052958731,pdf,1
0.3034412443535891,0.6046455100616726,doc,1
0.8714190889260044,0.9349454113281106,pdf,0
0.8247903787121224,0.19936592192623293,pdf,1
4.260293851524054,0.7410612066543879,doc,0
5.552694058610634,0.19770552104537242,exe,0
7.434700316722127,0.0014951938407173904,doc,0
1.5086063910399188,0.8965380461618023,exe,1
4.279668587077246,0.8461087377012069,doc,0
6.405963770376032,0.06677871597507445,exe,1
0.9371013787074323,0.17713528816386948,exe,0
4.503630435947418,0.23430092801861246,pdf,0
3.7556347884739982,0.9283213646369055,doc,0
9.494426096522451,0.3819290956458814,exe,0
0.6727854276200704,0.8073817566064733,pdf,1
4.145399589713166,0.4358135328449577,pdf,1
4.23053224998243,0.3812446666960848,doc,1
7.308986995536812,0.7653480547755614,pdf,1
3.2746429284575886,0.6157609965990255,pdf,1
2.1195037318677166,0.269317694221085,exe,1
3.0037853861464203,0.5828105982174631,exe,1
4.761786670248651,0.7038528499563493,exe,1
9.50765646275905,0.8270780916312745,exe,1
7.985518525356733,0.6771790791594404,exe,1
2.8420054332194584,0.6407470713136978,exe,1
5.625997725091159,0.5959023424761803,pdf,1
6.913183005328479,0.09205094912438294,doc,1
7.977005841253109,0.9451890595499945,doc,1
4.5170274011034905,0.7148419104776332,exe,1
4.04789136078409,0.27287112939455904,pdf,1
7.699643353930657,0.6923506941042633,exe,0
4.373993306084709,0.6208174360700806,pdf,0
2.554780922080351,0.6588514457337878,exe,1
4.589125612153412,0.37890897100484955,exe,1
9.377335998275516,0.5731758548011724,doc,1
1.5114181333641532,0.6600272306765387,exe,1
4.6781100098194,0.2016560690192294,exe,0
6.409304891201437,0.5080121643868843,exe,0
4.884551083854192,0.12034165531097496,pdf,1
2.1160350532666627,0.10553049812559656,exe,0
0.11824729009509259,0.9110605752066594,pdf,0
7.020017946854046,0.12454722455886658,exe,0
6.2254816284321794,0.8932669717646426,pdf,0
0.17698882941505562,0.46979919954147975,pdf,1
3.055745198079396,0.45490261575411783,pdf,0
7.709479169474131,0.339815319544686,pdf,0
6.326311747591747,0.4162177164437951,pdf,1
5.497560347845325,0.3772323807965956,doc,0
1.6465889871095842,0.5649829470026478,pdf,1
7.092311025696915,0.3355933190888857,doc,0
4.767205724986456,0.821975863451304,pdf,1
6.81396958773604,0.23356175015719005,doc,0
7.624889383562572,0.2484701227474857,pdf,0
2.400390942268327,0.4805515466274325,doc,0
7.643750629667346,0.9350812838247559,pdf,0
2.872875008415054,0.023915674142529042,pdf,0
9.84174985747063,0.7234136155845775,pdf,0
1.2962329467667348,0.006006587687610199,exe,0
8.848808385566159,0.40486021309029363,doc,0
0.5014165379293761,0.7642072496955172,doc,0
2.640100601646626,0.446079121708747,exe,1
5.308408896748437,0.4294889289219638,pdf,1
5.858000216101487,0.2532168289812803,pdf,0
4.022726351778113,0.4750956381931334,exe,0
1.1101141094480038,0.2282594996758467,exe,1
2.600820049664662,0.28352128982526903,doc,1
2.9056253882188376,0.65329356108744,exe,0
7.576706260131441,0.5994470561435099,pdf,1
9.09686581969787,0.9295455153942724,pdf,0
5.994558163315552,0.9688690813748525,exe,0
0.4509645603411718,0.5223801932074086,exe,1
7.943141069252932,0.087556512561491,exe,1
3.1254789351152077,0.2999030942676174,exe,0
3.4649150235208106,0.5178048955716449,doc,0
5.3488358326896055,0.673162893375426,doc,1
2.5655657709979955,0.9461972494348655,exe,0
9.20778306978796,0.15510743366786006,pdf,0
1.719192107574048,0.036684701848330725,doc,0
4.206820964986954,0.8700356827809361,pdf,0
2.9679503001213376,0.8051643681552639,doc,1
5.246357611795985,0.7657482765617637,doc,1
5.782419850515528,0.4686007677785966,doc,1
6.308682922137942,0.6777807041081183,pdf,0
5.36062045799593,0.4114692248113424,pdf,1
4.166964573122435,0.1920516577922634,pdf,1
6.382480722527013,0.3908937651450439,pdf,0
4.093787478209494,0.7870465960212608,doc,0
7.807647564635072,0.8018556220245565,pdf,1
7.902956510024402,0.9611344660741371,exe,0
2.99331626429714,0.8876671251642707,pdf,0
3.7808628032021683,0.6820845367745056,exe,0
6.325227968874173,0.5209120227965948,doc,1
1.6549926744450056,0.7239270234707854,doc,1
7.000616116770556,0.18320358931429992,pdf,0
3.8761347545090596,0.9230845312981147,pdf,1
5.95151850009437,0.712576574469464,pdf,1
1.481377682389096,0.5944855554602619,exe,0
6.715758022365843,0.4340417172919838,exe,1
3.6051728200756274,0.633541589146366,exe,0
4.779389204451592,0.6176787279057826,doc,1
4.209563268410403,0.8988541265070673,exe,1
4.819480955151436,0.5707363108456612,exe,1
6.977486765872798,0.21337715236890142,doc,0
3.250577750637572,0.4413793610998017,doc,1
6.555339360895628,0.24296851074515258,exe,0
0.6961988642470489,0.904950168758396,pdf,1
3.071833009375878,0.8435258143967945,pdf,1
7.477575932485453,0.5558191145293447,doc,0
0.6188181928144301,0.19639156759168497,pdf,0
6.2493077332941285,0.04354201303619698,pdf,1
0.35291331275160154,0.13416945370174738,exe,1
4.768135796268014,0.4432192807954288,exe,0
8.896595932763418,0.6742040783909912,pdf,0
0.20008993057627839,0.2239981044890822,doc,0
5.315597404473836,0.6845203497190341,doc,1
0.7579226136227438,0.8619493839565875,pdf,1
8.684386783879933,0.7572410815635461,pdf,0
6.89433557017268,0.42552747521256473,exe,1
7.445343181146148,0.6457279073749899,doc,1
6.723175041464291,0.9883674329995545,exe,1
0.16359219161164218,0.8854116028772656,exe,1
0.5076608363531956,0.3381495065497585,doc,0
6.246680359818261,0.6854470535527631,pdf,1
9.996882743211422,0.16321128139375318,pdf,0
8.74415766700875,0.5573684710505447,doc,1
7.026889486581172,0.35653396485377764,pdf,0
7.298289547988669,0.4381463184268606,pdf,0
2.3442015237564577,0.4388988538833267,pdf,1
7.540977947944539,0.6632329398209382,doc,1
2.950448638148032,0.8459960072625369,doc,1
1.1440566435216906,0.46857184221836334,exe,0
4.662859465120903,0.14658478811214992,exe,1
3.368938148043219,0.7541542732216177,doc,1
1.7657284466466723,0.7516430106443925,exe,0
4.274927935862906,0.9538452397018827,doc,1
8.982289671942366,0.3940560068988097,pdf,0
4.409175705651871,0.46387900939400595,pdf,1
4.528189762972275,0.5405957416446505,exe,0
7.117394798697956,0.89212339645532,pdf,1
5.289202514507694,0.7042165178552502,exe,0
1.3793080498857362,0.02127812360330028,pdf,0
9.112884735685302,0.2073226875630637,doc,0
4.496830928003455,0.853894847723373,doc,1
7.914443618331055,0.5854738173604882,exe,1
3.9498637872202176,0.873908466031562,pdf,0
8.08777558632485,0.41139913753303803,exe,1
3.956410518473782,0.2104678871734329,pdf,1
2.2795792644938535,0.004140726929070526,doc,0
2.0423272024750196,0.9960509588477288,doc,1
9.406342978941353,0.13638153322666624,pdf,0
5.906649559952098,0.6429687656941175,exe,0
0.5929533240768222,0.48970891020172747,exe,0
3.944641202162687,0.3801493908756587,exe,0
2.4168896791967773,0.5372021501216685,exe,0
0.9381049396320634,0.07828356031214012,doc,0
1.9488830983619438,0.9700342024153565,pdf,1
0.6642057519950842,0.49273694122051404,doc,0
6.416928919458216,0.015289516776476164,exe,0
1.816401261890942,0.4193434314207244,exe,1
6.146720774810902,0.757201905250635,doc,1
6.163816804123174,0.3120836696305366,doc,1
7.0787447363253735,0.74502240883734,pdf,1
5.1699746410531695,0.767362719837536,exe,1
2.915797504314503,0.23912071894008513,pdf,1
8.786828793892427,0.9679724862095583,doc,0
3.5954037090627855,0.02788874944966646,pdf,1
4.637113817289517,0.8636054840560119,exe,1
6.355606374132409,0.5126491216384761,exe,1
5.20963055185775,0.1533794884812224,doc,0
9.569036650808684,0.2583929457529298,exe,1
9.551705006637409,0.5935172918971846,pdf,0
9.304622521033322,0.27845716385566655,exe,1
9.347355861686054,0.8384210763946544,exe,1
5.85150534213009,0.2195285140180392,pdf,0
4.9530004309270295,0.3840612973718244,pdf,1
7.070756492085452,0.5068131679847862,pdf,1
2.2326539705561332,0.3397729637347646,exe,0
2.73213318823373,0.8241428031789603,doc,0
0.5336918109676076,0.2638822044103527,doc,1
1.7122896713245068,0.08897717329866861,pdf,0
0.1383580443942243,0.15478518840325006,pdf,0
6.580813007582631,0.6269454552544671,doc,1
1.4900291914532513,0.5635626501220461,pdf,1
7.888125521202916,0.0632983219267329,pdf,0
6.836989559229078,0.9930491635748301,doc,1
9.709690354209508,0.47944063272103155,exe,1
4.025493420823723,0.31943720121332564,exe,0
9.221779943165423,0.7291624014985916,pdf,1
4.591671305963378,0.024291858945771794,exe,0
3.4610870243784504,0.4342491448458661,pdf,0
1.1131548121788324,0.664413839099525,pdf,0
8.84003863221141,0.9621362249074848,pdf,1
7.96842256976961,0.7616377781461243,pdf,1
3.2969968676971,0.8851592096024911,exe,0
4.611869410763727,0.11890590716525107,doc,0
3.318920311551158,0.4297706056228291,pdf,0
0.38540825372713783,0.03179042510182062,pdf,0
0.5390900014512577,0.27199419784669565,exe,0
3.7501708462323835,0.3842968651311809,exe,1
2.1749541484749586,0.3438210807117045,exe,1
5.292694571784864,0.37374079686535155,exe,0
1.9590718529312272,0.8030800047305061,pdf,0
2.096053706017456,0.1895436327536002,pdf,0
6.75941202504454,0.8244956101605165,pdf,0
7.382466301940987,0.5419210870534598,exe,1
3.191097749153639,0.33874512847804994,pdf,1
8.61394455439039,0.5522357673492562,exe,0
2.6209278290915354,0.1614233323040356,pdf,0
3.505009725187416,0.4954547496102897,pdf,1
7.153555864659129,0.02195329693820869,exe,0
0.5405787231591754,0.8629750777621416,exe,0
9.34841625515029,0.3315810347919772,exe,0
0.8161435446974912,0.3440429493469712,doc,0
4.663217483486796,0.9951519973525604,exe,0
7.273587777004884,0.6134557318779851,doc,1
0.569938496349501,0.41765369441588684,pdf,0
8.109126587808056,0.7906567212777874,doc,1
9.791044098782997,0.06766470709087935,pdf,0
4.659065560676717,0.5705042042150394,doc,0
1.2694239992469238,0.5207009619107998,pdf,1
0.9066222569892515,0.8612281680032071,doc,0
1.0774313180150392,0.586200342537922,exe,1
7.677869603951105,0.4852724152405492,pdf,1
4.198727199838334,0.520225858991121,exe,0
9.200418166170408,0.781897308106658,exe,1
4.462333783256197,0.34732079578053854,doc,0
0.8637187704316199,0.5577894139017036,exe,1
4.326662316428206,0.7073902727437412,doc,1
7.572796144913009,0.9955554543226288,doc,0
8.31045042578327,0.6936841954541374,doc,1
0.4895816966389994,0.9618711712222828,pdf,1
1.8858549734377048,0.39903266132924864,doc,1
4.951133175034076,0.6087809927641015,doc,0
1.3680462317209257,0.7452948573156023,exe,1
8.723817155227515,0.3484159496274708,doc,0
9.351162795616874,0.26917493880360543,pdf,1
3.2640102837027944,0.9728331110968115,exe,0
4.404952457264998,0.3485339729028927,exe,0
5.61483523775856,0.9999026771431976,exe,1
2.926507331727532,0.8522709846555646,pdf,0
5.456649404849657,0.21606811483003152,pdf,1
2.0917319501904594,0.828219222379738,exe,0
3.036748387641438,0.983627126577976,exe,1
4.4736579685580065,0.27682022423370123,pdf,1
6.086232031692316,0.6644544137730121,exe,1
5.408033758253807,0.7695892229710263,doc,0
2.683780969666001,0.08328199878548848,doc,0
2.394699966638747,0.8193318048721658,exe,1
1.2754293433370394,0.3083607321398538,doc,0
7.856586995332508,0.7063817961665891,doc,0
1.0791175880171666,0.9501382211094213,pdf,0
7.355561561175669,0.03510902139968519,pdf,0
2.562859587064687,0.6117128805378089,pdf,0
2.9171141416572475,0.2924046278249367,exe,1
7.3872259868069134,0.11465878908695704,pdf,1
6.6302458380442,0.7118548026331178,doc,0
7.445023399604027,0.9790465623245286,pdf,0
5.201302282064178,0.5127105009158898,pdf,0
8.60504861468618,0.3463442092021397,pdf,0
1.305759524617169,0.449089594847772,pdf,0
6.487449917924401,0.4146178849244797,doc,1
1.2706186936376942,0.5319019096455277,exe,1
7.399105344639739,0.4091758364640784,doc,1
3.653156148438682,0.08037246460892689,exe,0
6.781332833273988,0.979427735976566,doc,1
7.0644907430686885,0.9967072779247954,pdf,0
6.640023730646478,0.174134554688386,pdf,1
2.293424005245482,0.24103996625784163,doc,1
8.334818875234802,0.4369562914493026,exe,0
2.477347265492328,0.6987329370284997,pdf,1
5.229717642399911,0.0313449354686236,doc,0
6.778992966118177,0.8354975507275829,doc,0
2.41267143036909,0.6384333733145956,exe,1
6.322266057540996,0.2692935621453354,doc,1
2.9396273751735533,0.8708672149169422,exe,0
1.7966855232354304,0.6612092130863187,doc,0
8.116513402413112,0.31692428125223226,exe,1
5.575915423765868,0.5478459943346068,doc,1
3.346058595427675,0.9792375585990726,pdf,0
5.895766377334845,0.04843296694217536,doc,0
0.35033533453015453,0.7084620166481488,exe,0
1.3852462819272398,0.8494136101627382,pdf,0
4.016250431812606,0.6923168489084026,doc,0
9.759990136697681,0.14001841291466244,pdf,0
5.153697726973619,0.5971496034867149,pdf,1
0.8569164301622626,0.785955245708034,doc,1
7.673902090969621,0.41859591216501624,doc,1
7.8362943221606205,0.5824282782185067,pdf,1
7.770541526509076,0.2534679543286823,pdf,0
5.738030576674743,0.3127485507020873,pdf,0
6.987417504907681,0.8085701430797193,pdf,1
2.2132335694851504,0.4894981376035834,exe,1
7.352349849850484,0.4488117375095664,exe,0
8.180122474681784,0.12288383710126849,exe,1
7.623668748197001,0.37447089828204916,doc,0
3.5992777856002816,0.5207210559493618,exe,1
5.951177700699515,0.23101233472084515,doc,0
6.326994639149404,0.8079355618157972,pdf,1
9.01801755120513,0.3837007062927431,doc,0
1.1693375632060017,0.23848979235515844,exe,1
8.355944331419044,0.3082974932970215,doc,1
5.3117120288434885,0.8244635327355437,doc,0
3.6502797934641795,0.9041434759548311,doc,1
4.610468724788149,0.9602978485649007,pdf,1
0.225091439414314,0.015194079976650898,doc,0
2.278728564081134,0.7538941306037736,exe,0
6.5623578586732485,0.5254840360127734,pdf,0
6.642407869569045,0.1245600769470302,doc,1
4.9975195088344995,0.24653357639784446,doc,1
9.537926217913464,0.2816908305030399,exe,0
4.861059376639765,0.40421668761599394,pdf,0
3.208042229502039,0.4707212723596702,exe,0
8.49303030803685,0.9367888564384516,exe,0
2.665667164032894,0.05835505697304211,doc,0
6.08262933104006,0.7091693050184652,doc,1
7.063846637990769,0.8541060948687346,pdf,0
8.234793357048662,0.3572999179546772,pdf,1
7.875150626809214,0.24921719842516166,exe,0
3.902514072085742,0.22130849062598557,pdf,0
0.6858850290310956,0.30083917669109705,exe,0
0.4790498682860833,0.14529799063712556,doc,1
7.291957840293748,0.5516779868522678,doc,1
9.620744675927824,0.2503995041859852,doc,0
3.4973372052858096,0.02725153551436621,pdf,1
4.46783147094759,0.23263343322418595,pdf,0
7.2854003558435885,0.8206321054828926,exe,0
6.61252933395341,0.4173702219519555,doc,0
2.675055225992947,0.8835362546535589,doc,1
6.748689973407155,0.94361563143763,exe,1
3.1185339537864,0.2433483284582103,pdf,1
3.627943274964181,0.5599724510969238,exe,0
5.441181722104634,0.8810669096802846,exe,0
7.3499068568746315,0.581420337268773,doc,1
1.597040494522852,0.16800028640767228,pdf,0
0.3176733878400937,0.24795324745785607,doc,1
6.315516549401717,0.9876248298134623,doc,0
0.34319031007977907,0.29938686489017896,exe,1
0.5451360830900684,0.8677029822430992,pdf,1
2.3351782095491225,0.7950123377807312,doc,1
6.573381045714109,0.7419847028034536,doc,1
0.758796467091685,0.7219422568446254,doc,0
0.7178170995026244,0.7899818636836725,doc,1
9.723723119298805,0.8474076852186397,doc,0
4.2842636484274434,0.06236643651158369,pdf,1
8.935046446529306,0.167809824504079,exe,1
2.243590411132364,0.5055293246202428,exe,0
4.408610476600707,0.21248952586060588,pdf,1
3.644547832670235,0.5332180226305999,doc,0
1.8516618067461947,0.4931823395418813,exe,0
3.355250538943975,0.12677144896838677,exe,0
9.869278605090862,0.08596115211255051,exe,0
7.498359196971683,0.011652796708961022,pdf,1
3.8884159639132694,0.8250361300543496,pdf,0
4.151915900559322,0.0817416683625235,doc,1
2.711034921435157,0.9615653287386672,pdf,0
5.360233118128368,0.9838318544851982,doc,1
7.382805430205271,0.7456964432885294,exe,1
6.89780149593095,0.4503832807697279,doc,0
4.680233369879063,0.27578846353803355,pdf,0
0.5151965624899544,0.41245242188111686,pdf,1
9.22292728434276,0.34529326604185495,exe,0
4.148444650651054,0.39629513962756235,doc,1
3.963958783418123,0.7261957829939958,exe,0
0.13079013344263443,0.8925262075815481,pdf,1
1.4684494194109396,0.15771502693020922,doc,0
8.70164883325672,0.24267057881332676,pdf,0
5.187952502194899,0.20989690615239487,exe,1
7.351104957804499,0.04534599007372664,doc,1
1.5668620756902496,0.8542005796258167,doc,0
3.36750496588697,0.5112755433403527,pdf,0
8.417351909724852,0.06703477869274044,exe,0
8.224519359656504,0.4462552610709375,pdf,1
2.543263254053782,0.45061079196735965,pdf,1
0.3175555524974154,0.7779559559896053,pdf,0
8.084023038101469,0.7613974486403398,doc,1
1.7715556498902745,0.1344889894114596,exe,1
7.898045781996864,0.6268756157169919,exe,0
6.86822637586256,0.5096862933721737,exe,0
1.766316127077853,0.013491776573402059,exe,0
0.8770375723321358,0.14773582928777185,doc,1
9.28372935623066,0.6668484237639565,doc,0
6.0189961331055954,0.36702580623100156,doc,1
6.243050713259459,0.9636853955488903,exe,1
4.629366848096732,0.5017503622297741,exe,1
1.5857026754906571,0.6882831696682284,doc,1
6.059502138171219,0.13361763970927898,pdf,0
2.5994815123712867,0.47944845860386953,pdf,0
8.078357094573661,0.7341214711609467,doc,1
7.353917652573619,0.8334816757993984,doc,1
0.3699451319505662,0.19960742897215866,pdf,0
9.330987795485845,0.39690672114027414,exe,0
0.4595288784341134,0.4735270090506948,doc,1
0.9872312564240032,0.44037239357324076,doc,1
2.998072152952029,0.47544167055726894,exe,1
1.593009698654387,0.29590022517415004,exe,1
2.437836320874364,0.8087207429184177,exe,1
3.622513937254392,0.9130779454997001,exe,1
7.381447183001667,0.3490007285264456,doc,0
4.106642471571959,0.6378600716821179,pdf,1
2.7714135717817165,0.38070591834084566,exe,0
4.9739002209139285,0.5787519916986748,doc,1
3.9866731729087297,0.6955389447162086,pdf,0
3.1765655551134495,0.5015162773274203,exe,1
9.015362412880766,0.6745820702230902,pdf,0
5.549439664500083,0.7571457442992165,doc,0
9.775542358650195,0.8432956355455586,exe,0
7.751832852995038,0.18880988978835878,exe,1
5.747943046433812,0.2163848971214688,pdf,0
2.6982212338409544,0.5143713516549059,pdf,1
6.899752197259503,0.5096570189316966,doc,0
4.61358541780074,0.8077254935902668,pdf,1
7.241738378913358,0.5173833724602123,exe,1
4.097410208219509,0.9000524694601582,exe,0
5.0104498595476805,0.777602835828604,exe,0
0.30476929771298067,0.5063158112480856,pdf,1
7.425589172968524,0.8263261217435337,exe,1
0.4393080891207437,0.4758559608241074,doc,1
6.839181319891632,0.34171515896152105,exe,0
5.8618365858258255,0.43342343942561146,exe,0
7.781584353732454,0.45620801230041197,doc,0
2.968798232450415,0.6505319515371684,doc,0
6.8924970697209655,0.05215709499610699,pdf,0
2.1502699587472778,0.7295086770826891,exe,0
5.3397928134425285,0.9682327751591194,doc,1
3.4687757545866837,0.45881756910215576,pdf,1
9.786700058434427,0.06877229376344807,pdf,1
9.721478918055253,0.20125638393453993,exe,0
2.168800381186265,0.10321403932334716,pdf,1
5.70377853526971,0.25635366126148007,doc,0
3.3614825901948984,0.7939071055000666,exe,0
9.688528051500782,0.0010494353284016267,exe,1
9.252806887047003,0.8735793323560267,exe,0
5.902843945259247,0.939547150551736,doc,0
7.2288361055740875,0.1850030840795749,exe,1
6.845115091419789,0.17358643492470904,pdf,0
3.598220761189274,0.9657629628575436,doc,0
9.171979536814083,0.3603801549181177,exe,1
9.004590014481934,0.8117763047492077,doc,0
3.3735187983329857,0.00901067759468821,pdf,0
7.49920961498315,0.9907915790130629,doc,0
0.19001205407704103,0.016490206276260078,exe,1
8.181955194528575,0.6075705954169761,doc,1
5.692206519440196,0.9284503546914316,pdf,1
9.527836456234407,0.8312608589988235,pdf,1
3.695611438026928,0.31040255697304264,pdf,0
6.294559441543369,0.8220804127762994,pdf,0
3.2977240718834495,0.3930476369202842,doc,0
7.849575275899596,0.49980641706540396,exe,1
6.046959668151703,0.3632780004906663,doc,1
9.875963127489024,0.3547180674062036,pdf,1
0.1100266516548899,0.5820752265448588,exe,0
1.493511547365541,0.7820679852019325,pdf,1
0.531653682699053,0.6994911285097435,doc,1
1.3458937032470617,0.7680779559328453,pdf,0
9.300914440991324,0.014273267938753498,exe,1
9.49122216510836,0.5316933935325059,doc,0
4.8560840935116225,0.35278860284662805,doc,0
